site,year,month,day,ref_prevalence
Nanoro,2015,8,15,0.638404
Nanoro,2016,1,15,0.5741445
Nanoro,2016,5,15,0.3658537
Nanoro,2017,1,15,0.4871795
