year,month,day,ref_prevalence
2015,8,15,0.638404
2016,1,15,0.5741445
2016,5,15,0.3658537
2017,1,15,0.4871795
