year,month,day,ref_prevalence
1965,8,15,0.638404
1965,1,15,0.5741445
1965,5,15,0.3658537
1965,1,15,0.4871795
