,param_set,minEIR,maxEIR
0,5.0,0.04715127497911,34.4482126832004
